{
    "vertices":[0.383321,1.13548,-0.674843,0.366894,1.157,-0.692343,0.232338,0.398051,-1.43987,0.215911,0.419569,-1.45737,-0.302937,-0.029641,0.583688,-0.308624,-0.04564,0.600232,-0.453921,-0.767069,-0.181337,-0.459607,-0.783068,-0.164792,0.581789,0.269344,0.120881,0.604496,0.262981,0.122533,0.430805,-0.468085,-0.644144,0.453512,-0.474448,-0.642492,0.786136,-0.346581,-0.831392,0.813422,-0.354227,-0.829407,0.93712,0.390848,-0.066367,0.964406,0.383202,-0.064382,0.210872,0.404331,-1.44169,0.231123,0.411175,-1.45228,0.361856,1.14176,-0.67666,0.382107,1.1486,-0.687254,-1.22611,0.591874,0.166788,-1.26886,0.603852,0.163679,-1.3771,-0.145555,-0.598236,-1.41984,-0.133577,-0.601346,-0.816272,-0.888115,0.006856,-0.823102,-0.907331,0.026727,-0.665288,-0.150686,0.77188,-0.672118,-0.169903,0.791751,-0.099262,-1.22827,0.193234,-0.106585,-1.24887,0.214537,0.051721,-0.490842,0.958258,0.044399,-0.511443,0.979562,0.781338,-0.93066,-0.267434,0.81066,-0.938877,-0.265301,0.932321,-0.193232,0.49759,0.961644,-0.201448,0.499723,-0.465158,-0.770325,-0.159351,-0.31751,-0.049185,0.588774,-0.304113,-0.029495,0.60041,-0.6667,-0.150512,0.791964,-0.658621,-0.165993,0.765345,-0.805599,-0.883856,0.020618,-0.82169,-0.907506,0.006643,-0.458432,-0.783214,-0.181514,-0.301407,-0.053698,0.589946,-0.449056,-0.774837,-0.15818,-0.105071,-1.24906,0.193005,-0.108555,-1.21789,0.206479,0.038134,-0.501441,0.949743,0.050207,-0.490655,0.97979,0.794539,-0.331163,-0.827986,0.797781,-0.360164,-0.840524,0.213241,0.40752,-1.46196,0.228754,0.407987,-1.432,0.36758,1.16134,-0.67993,0.376382,1.12902,-0.683984,0.952761,0.396784,-0.05525,0.941526,0.386747,-0.08321,0.601513,0.261432,0.108033,0.453855,-0.459754,-0.640141,0.440496,-0.479388,-0.651743,0.789721,-0.344719,-0.813968,0.936708,0.373191,-0.069192,0.594805,0.274284,0.130132,-1.384,-0.13913,-0.571851,-1.4016,-0.154855,-0.615652,-0.824939,-0.878437,0.019211,-0.677962,-0.160573,0.763938,-1.24435,0.613152,0.181094,-1.23928,0.567721,0.161452,0.359159,1.13054,-0.687925,0.391057,1.16194,-0.679261,0.235538,0.402359,-1.46726,0.21271,0.415261,-1.42997,-1.37645,-0.117894,-0.593811,-1.23173,0.588957,0.139492,-0.08782,-1.22371,0.207988,0.793852,-0.945256,-0.277248,0.78519,-0.92866,-0.24871,0.931879,-0.212206,0.494554,0.94913,-0.186852,0.509537,0.058869,-0.507251,0.951252,0.449845,-0.471035,-0.628475,0.597503,0.25015,0.119698,0.937057,-0.197639,0.47949,0.790368,-0.914092,-0.263774],
    "materials":[{
        "shading":"phong",
        "colorSpecular":[0.5,0.5,0.5],
        "opacity":1,
        "colorDiffuse":[0,0.326275,0.567843],
        "colorEmissive":[0,0,0],
        "DbgColor":15658734,
        "wireframe":false,
        "visible":true,
        "depthTest":true,
        "blending":"NormalBlending",
        "specularCoef":50,
        "depthWrite":true,
        "DbgIndex":0,
        "transparent":false,
        "DbgName":"SVGMat.001"
    }],
    "uvs":[],
    "normals":[-0.795637,0.506938,-0.331627,-0.589173,-0.520513,0.618015,-0.494178,0.147722,-0.856719,0.338559,-0.940394,0.032192,-0.331364,0.942977,-0.031492,0.500362,-0.149187,0.852867,0.589177,0.52051,-0.618013,0.795636,-0.506938,0.331627,-0.331356,0.942973,-0.031709,0.500501,-0.149447,0.852739,-0.49423,0.147513,-0.856724,0.338349,-0.940478,0.031964,0.979235,0.00959,-0.202504,0.14593,-0.7265,0.671493,0.772301,0.633399,0.048543,-0.614514,0.162951,0.771894,0.609416,-0.161748,-0.776177,-0.776349,-0.628386,-0.049128,-0.145936,0.726499,-0.671492,-0.979235,-0.009589,0.202503,0.609547,-0.161518,-0.776121,-0.7765,-0.628218,-0.048884,0.77223,0.633466,0.048797,-0.614286,0.163155,0.772032,-0.559176,0.222612,0.798603,0.740235,0.661762,0.118842,-0.740244,-0.66175,-0.118852,0.559169,-0.222596,-0.798612,-0.239878,-0.674866,0.697864,0.960556,-0.269162,0.06988,-0.960556,0.269164,-0.069882,0.239878,0.674866,-0.697864,-0.74024,-0.661753,-0.118859,0.559167,-0.222598,-0.798613,-0.559176,0.22261,0.798603,0.740236,0.661761,0.118838,-0.795664,0.506914,-0.331597,0.589214,0.520487,-0.617998,-0.145976,0.726499,-0.671484,0.97924,0.009562,-0.202478,-0.337039,0.941053,-0.028705,0.494844,-0.151391,0.855693,-0.499744,0.145617,-0.853845,0.332871,-0.942328,0.034861,-0.979242,-0.009555,0.202471,0.145978,-0.726499,0.671483,-0.499868,0.145775,-0.853746,0.33291,-0.942302,0.035185,-0.336872,0.941116,-0.028581,0.494876,-0.151066,0.855732,0.776508,0.628036,0.051051,-0.610526,0.158812,0.77591,0.61364,-0.165582,-0.772029,-0.772432,-0.633404,-0.046348,-0.145935,0.726499,-0.671492,-0.979234,-0.009591,0.202504,0.614124,-0.165086,-0.771751,-0.772676,-0.633155,-0.045694,0.776196,0.628374,0.051638,-0.610111,0.159394,0.776118,0.795667,-0.506911,0.331595,-0.589213,-0.520487,0.617998,-0.239878,-0.674866,0.697864,-0.960556,0.269163,-0.06988,0.960556,-0.269164,0.069882,0.239882,0.674865,-0.697864,0.482731,-0.074297,0.872612,-0.301614,0.95272,0.036794,0.303052,-0.952216,-0.037997,-0.481288,0.075588,-0.873297,0.979242,0.009552,-0.202469,-0.145975,0.726499,-0.671484,0.302979,-0.952232,-0.038179,-0.481237,0.075419,-0.87334,0.48276,-0.074483,0.872579,-0.301705,0.952697,0.036635,-0.334866,0.941732,-0.031725,0.497308,-0.148355,0.854796,-0.497307,0.148351,-0.854797,0.334869,-0.94173,0.031731,-0.979241,-0.00956,0.202476,0.145977,-0.726499,0.671483,-0.497307,0.148354,-0.854796,0.334869,-0.94173,0.031731,-0.334868,0.941731,-0.031729,0.497307,-0.148353,0.854796,0.589178,0.520509,-0.618013,0.795635,-0.50694,0.331629,-0.589215,-0.520486,0.617997,0.795661,-0.506916,0.331601,-0.775266,-0.629515,-0.051714,0.611571,-0.159067,-0.775035,-0.612315,0.165575,0.773082,0.773458,0.632174,0.046029,-0.795658,0.506919,-0.331604,0.589214,0.520486,-0.617997,-0.612509,0.165416,0.772962,0.773553,0.63208,0.045719,-0.775134,-0.62966,-0.051912,0.611397,-0.159349,-0.775114],