{
    "vertices":[0.968102,0.803501,0.806844,-0.515447,0.780423,0.518439,-0.515447,0.780423,-0.554808,-0.515447,-0.355343,0.518439,-0.515447,-0.355343,-0.554808,0.54356,0.780423,0.518439,0.54356,0.780423,-0.554808,0.54356,-0.355343,0.518439,0.54356,-0.355343,-0.554808,0.964867,-0.355343,-0.554808,0.964867,-0.355343,0.518439,0.964867,0.780423,-0.554808,0.964867,0.780423,0.518439,-0.943001,0.780423,0.518439,-0.943001,0.780423,-0.554808,-0.943001,-0.355343,-0.554808,-0.943001,-0.355343,0.518439,-0.515447,-1.0497,-0.554808,-0.515447,-1.0497,0.51844,0.54356,-1.0497,-0.554808,0.54356,-1.0497,0.51844],
    "materials":[{
        "shading":"phong",
        "colorSpecular":[0.5,0.5,0.5],
        "opacity":1,
        "colorDiffuse":[0,0.326275,0.567843],
        "colorEmissive":[0,0,0],
        "DbgColor":15658734,
        "wireframe":false,
        "visible":true,
        "depthTest":true,
        "blending":"NormalBlending",
        "specularCoef":50,
        "depthWrite":true,
        "DbgIndex":0,
        "transparent":false,
        "DbgName":"SVGMat.001"
    }],
    "uvs":[],
    "normals":[0,-1,0,-1,0,-0,0,0,1,0,1,-0,0,0,1,-0,0,-1,1,0,0,0,0,-1,0,1,-0,0,-1,-0,1,-0,-0,0,0,1,0,-0,-1],
    "faces":[35,4,3,16,15,0,0,0,0,0,35,3,4,17,18,0,1,1,1,1,35,5,7,10,12,0,2,2,2,2,35,6,2,1,5,0,3,3,3,3,35,1,3,7,5,0,4,4,4,4,35,6,8,4,2,0,5,5,5,5,35,9,11,12,10,0,6,6,6,6,35,8,6,11,9,0,7,7,7,7,35,7,8,9,10,0,0,0,0,0,35,6,5,12,11,0,8,8,8,8,35,14,15,16,13,0,1,1,1,1,35,1,2,14,13,0,8,8,8,8,35,3,1,13,16,0,4,4,4,4,35,2,4,15,14,0,5,5,5,5,35,17,19,20,18,0,9,9,9,9,35,8,7,20,19,0,10,10,10,10,35,7,3,18,20,0,11,11,11,11,35,4,8,19,17,0,12,12,12,12],
    "name":"Mesh.005Geometry",
    "morphTargets":[],
    "metadata":{
        "vertices":21,
        "materials":1,
        "generator":"io_three",
        "type":"Geometry",
        "normals":13,
        "version":3,
        "uvs":0,
        "faces":18,
        "morphTargets":0
    }
}